theme_tag1,theme_tag2,theme_tag3
医学科研,动物实验,动物实验
医学科研,人体试验,人体试验
前沿医学技术,基因技术,基因研究
前沿医学技术,基因技术,基因诊疗
前沿医学技术,干细胞技术,干细胞研究
前沿医学技术,干细胞技术,干细胞诊疗
前沿医学技术,数字医疗,医疗信息化
前沿医学技术,数字医疗,互联网在线问诊
前沿医学技术,数字医疗,医疗人工智能
死亡,死亡诊断标准,心肺死亡标准
死亡,死亡诊断标准,脑死亡标准
死亡,安宁疗护,安宁疗护
死亡,安乐死,安乐死
人体器官移植,器官移植技术,器官移植技术
人体器官移植,器官来源与分配,器官来源与分配
人体器官移植,器官来源与分配,异体器官移植
生殖,计划生育,生育规划与避孕
生殖,计划生育,生殖健康
生殖,计划生育,优生优育
生殖,辅助生殖,代孕
生殖,辅助生殖,人工授精
生殖,辅助生殖,试管婴儿
生殖,辅助生殖,捐精与捐卵
生殖,辅助生殖,基因筛查与编辑
临床特殊科室、疾病和诊治,临床特殊科室,ICU
临床特殊科室、疾病和诊治,临床特殊科室,急诊科
临床特殊科室、疾病和诊治,临床特殊科室,精神科
临床特殊科室、疾病和诊治,临床特殊科室,儿科/新生儿科
临床特殊科室、疾病和诊治,临床特殊科室,肿瘤科/安宁疗护科
临床特殊科室、疾病和诊治,临床特殊科室,生殖医学科
临床特殊科室、疾病和诊治,临床特殊科室,临床实验室科/试验科
临床特殊科室、疾病和诊治,临床特殊科室,妇产科
临床特殊科室、疾病和诊治,临床特殊科室,老年病科/临终关怀科
临床特殊科室、疾病和诊治,特殊疾病,医源性疾病
临床特殊科室、疾病和诊治,特殊疾病,药源性疾病
临床特殊科室、疾病和诊治,特殊疾病,疼痛控制
临床特殊科室、疾病和诊治,特殊治疗,过度医疗
临床特殊科室、疾病和诊治,特殊治疗,无效治疗
临床特殊科室、疾病和诊治,特殊治疗,放弃治疗
临床特殊科室、疾病和诊治,特殊治疗,防御性医疗
临床特殊科室、疾病和诊治,特殊治疗,医学技术滥用
临床常规诊治,诊断,问诊
临床常规诊治,诊断,检查
临床常规诊治,治疗,药物治疗
临床常规诊治,治疗,手术治疗
临床常规诊治,治疗,心理治疗
临床常规诊治,康复,康复
公共卫生,疾病防控,慢性非传染性疾病防控
公共卫生,疾病防控,传染病防控
公共卫生,疾病防控,职业病防控
公共卫生,疾病防控,地方病防控
医疗人际关系,医患关系,对患者义务
医疗人际关系,医患关系,对社区社群社会义务
医疗人际关系,医际关系,医生之间
医疗人际关系,医际关系,医护之间
医疗人际关系,医际关系,医生与其它技术人员
